"filename", "language", "JavaScript", "JSON", "JavaScript JSX", "PostCSS", "Markdown", "XML", "HTML", "comment", "blank", "total"
"c:\Users\4108231\Desktop\project_ie\backend\config\dbConfig.js", "JavaScript", 23, 0, 0, 0, 0, 0, 0, 2, 4, 29
"c:\Users\4108231\Desktop\project_ie\backend\package-lock.json", "JSON", 0, 4427, 0, 0, 0, 0, 0, 0, 1, 4428
"c:\Users\4108231\Desktop\project_ie\backend\package.json", "JSON", 0, 21, 0, 0, 0, 0, 0, 0, 1, 22
"c:\Users\4108231\Desktop\project_ie\backend\routes\contact.js", "JavaScript", 96, 0, 0, 0, 0, 0, 0, 20, 18, 134
"c:\Users\4108231\Desktop\project_ie\backend\routes\gantt.js", "JavaScript", 258, 0, 0, 0, 0, 0, 0, 32, 59, 349
"c:\Users\4108231\Desktop\project_ie\backend\routes\trainingCarousel.js", "JavaScript", 102, 0, 0, 0, 0, 0, 0, 8, 18, 128
"c:\Users\4108231\Desktop\project_ie\backend\routes\users.js", "JavaScript", 12, 0, 0, 0, 0, 0, 0, 1, 6, 19
"c:\Users\4108231\Desktop\project_ie\backend\server.js", "JavaScript", 31, 0, 0, 0, 0, 0, 0, 5, 9, 45
"c:\Users\4108231\Desktop\project_ie\my-vite-app\README.md", "Markdown", 0, 0, 0, 0, 7, 0, 0, 0, 6, 13
"c:\Users\4108231\Desktop\project_ie\my-vite-app\eslint.config.js", "JavaScript", 32, 0, 0, 0, 0, 0, 0, 0, 2, 34
"c:\Users\4108231\Desktop\project_ie\my-vite-app\index.html", "HTML", 0, 0, 0, 0, 0, 0, 14, 0, 0, 14
"c:\Users\4108231\Desktop\project_ie\my-vite-app\package-lock.json", "JSON", 0, 9762, 0, 0, 0, 0, 0, 0, 1, 9763
"c:\Users\4108231\Desktop\project_ie\my-vite-app\package.json", "JSON", 0, 52, 0, 0, 0, 0, 0, 0, 1, 53
"c:\Users\4108231\Desktop\project_ie\my-vite-app\public\jabil2.svg", "XML", 0, 0, 0, 0, 0, 28, 0, 1, 1, 30
"c:\Users\4108231\Desktop\project_ie\my-vite-app\public\vite.svg", "XML", 0, 0, 0, 0, 0, 1, 0, 0, 0, 1
"c:\Users\4108231\Desktop\project_ie\my-vite-app\src\App.css", "PostCSS", 0, 0, 0, 110, 0, 0, 0, 15, 24, 149
"c:\Users\4108231\Desktop\project_ie\my-vite-app\src\App.jsx", "JavaScript JSX", 0, 0, 110, 0, 0, 0, 0, 0, 12, 122
"c:\Users\4108231\Desktop\project_ie\my-vite-app\src\NavBar\DesktopNavigation.jsx", "JavaScript JSX", 0, 0, 251, 0, 0, 0, 0, 18, 27, 296
"c:\Users\4108231\Desktop\project_ie\my-vite-app\src\NavBar\LogoComponent.jsx", "JavaScript JSX", 0, 0, 34, 0, 0, 0, 0, 3, 4, 41
"c:\Users\4108231\Desktop\project_ie\my-vite-app\src\NavBar\MobileDrawer.jsx", "JavaScript JSX", 0, 0, 333, 0, 0, 0, 0, 23, 26, 382
"c:\Users\4108231\Desktop\project_ie\my-vite-app\src\NavBar\UserDropdown.jsx", "JavaScript JSX", 0, 0, 155, 0, 0, 0, 0, 7, 15, 177
"c:\Users\4108231\Desktop\project_ie\my-vite-app\src\NavBar\authUtils.js", "JavaScript", 34, 0, 0, 0, 0, 0, 0, 8, 9, 51
"c:\Users\4108231\Desktop\project_ie\my-vite-app\src\Page\Admin\AdminDashboard\AdminDashboard.jsx", "JavaScript JSX", 0, 0, 71, 0, 0, 0, 0, 6, 10, 87
"c:\Users\4108231\Desktop\project_ie\my-vite-app\src\Page\Admin\AdminNavbar\AdminNavbar.jsx", "JavaScript JSX", 0, 0, 103, 0, 0, 0, 0, 5, 8, 116
"c:\Users\4108231\Desktop\project_ie\my-vite-app\src\Page\Admin\AdminNavbar\Notifications .css", "PostCSS", 0, 0, 0, 35, 0, 0, 0, 4, 6, 45
"c:\Users\4108231\Desktop\project_ie\my-vite-app\src\Page\Admin\AdminNavbar\Notifications.jsx", "JavaScript JSX", 0, 0, 179, 0, 0, 0, 0, 4, 11, 194
"c:\Users\4108231\Desktop\project_ie\my-vite-app\src\Page\Admin\AdminTraining\AdminTCCS\AdminTCCS.jsx", "JavaScript JSX", 0, 0, 11, 0, 0, 0, 0, 1, 3, 15
"c:\Users\4108231\Desktop\project_ie\my-vite-app\src\Page\Admin\AdminTraining\AdminTrainingSharedComponent\AdminTrainingCarousel\AdminTrainingCarousel.jsx", "JavaScript JSX", 0, 0, 97, 0, 0, 0, 0, 7, 17, 121
"c:\Users\4108231\Desktop\project_ie\my-vite-app\src\Page\Admin\AdminTraining\AdminTrainingSharedComponent\AdminTrainingCarousel\CarouselForm.jsx", "JavaScript JSX", 0, 0, 418, 0, 0, 0, 0, 15, 17, 450
"c:\Users\4108231\Desktop\project_ie\my-vite-app\src\Page\Admin\AdminTraining\AdminTrainingSharedComponent\AdminTrainingCarousel\CarouselHeader.jsx", "JavaScript JSX", 0, 0, 33, 0, 0, 0, 0, 0, 2, 35
"c:\Users\4108231\Desktop\project_ie\my-vite-app\src\Page\Admin\AdminTraining\AdminTrainingSharedComponent\AdminTrainingCarousel\CarouselList.jsx", "JavaScript JSX", 0, 0, 130, 0, 0, 0, 0, 4, 8, 142
"c:\Users\4108231\Desktop\project_ie\my-vite-app\src\Page\Admin\AdminTraining\AdminTrainingSharedComponent\AdminTrainingCarousel\ConfirmDeleteDialog.jsx", "JavaScript JSX", 0, 0, 23, 0, 0, 0, 0, 0, 2, 25
"c:\Users\4108231\Desktop\project_ie\my-vite-app\src\Page\Admin\AdminTraining\AdminTrainingSharedComponent\AdminTrainingCarousel\SnackbarAlert.jsx", "JavaScript JSX", 0, 0, 10, 0, 0, 0, 0, 0, 3, 13
"c:\Users\4108231\Desktop\project_ie\my-vite-app\src\Page\Admin\AdminTraining\AdminTrainingSharedComponent\AdminTrainingLayout.jsx", "JavaScript JSX", 0, 0, 302, 0, 0, 0, 0, 15, 22, 339
"c:\Users\4108231\Desktop\project_ie\my-vite-app\src\Page\Admin\AdminTraining\AdminWebinar\AdminWebinar.jsx", "JavaScript JSX", 0, 0, 11, 0, 0, 0, 0, 1, 3, 15
"c:\Users\4108231\Desktop\project_ie\my-vite-app\src\Page\Admin\AdminTraining\AdminWorkday\AdminWorkday.jsx", "JavaScript JSX", 0, 0, 69, 0, 0, 0, 0, 8, 9, 86
"c:\Users\4108231\Desktop\project_ie\my-vite-app\src\Page\Admin\AdminTraining\Admine-Jabilization\AdminEJabilization.jsx", "JavaScript JSX", 0, 0, 11, 0, 0, 0, 0, 1, 3, 15
"c:\Users\4108231\Desktop\project_ie\my-vite-app\src\Page\Admin\CollapsibleNavbar\CollapsibleNavbar.jsx", "JavaScript JSX", 0, 0, 213, 0, 0, 0, 0, 13, 15, 241
"c:\Users\4108231\Desktop\project_ie\my-vite-app\src\Page\Admin\CollapsibleNavbar\DashboardNavItem.jsx", "JavaScript JSX", 0, 0, 92, 0, 0, 0, 0, 3, 7, 102
"c:\Users\4108231\Desktop\project_ie\my-vite-app\src\Page\Admin\CollapsibleNavbar\MessagesCollapsibleNavbar.jsx", "JavaScript JSX", 0, 0, 111, 0, 0, 0, 0, 3, 6, 120
"c:\Users\4108231\Desktop\project_ie\my-vite-app\src\Page\Admin\CollapsibleNavbar\TopicsCollapsibleNavbar.jsx", "JavaScript JSX", 0, 0, 364, 0, 0, 0, 0, 10, 21, 395
"c:\Users\4108231\Desktop\project_ie\my-vite-app\src\Page\Admin\CollapsibleNavbar\TrainingsCollapsibleNavbar.jsx", "JavaScript JSX", 0, 0, 371, 0, 0, 0, 0, 13, 22, 406
"c:\Users\4108231\Desktop\project_ie\my-vite-app\src\Page\Admin\Dashboard\Dashboard.jsx", "JavaScript JSX", 0, 0, 10, 0, 0, 0, 0, 1, 3, 14
"c:\Users\4108231\Desktop\project_ie\my-vite-app\src\Page\Admin\Messages\ABox.jsx", "JavaScript JSX", 0, 0, 39, 0, 0, 0, 0, 1, 3, 43
"c:\Users\4108231\Desktop\project_ie\my-vite-app\src\Page\Admin\Messages\HeaderSection.jsx", "JavaScript JSX", 0, 0, 152, 0, 0, 0, 0, 1, 3, 156
"c:\Users\4108231\Desktop\project_ie\my-vite-app\src\Page\Admin\Messages\MessageCard.jsx", "JavaScript JSX", 0, 0, 314, 0, 0, 0, 0, 2, 5, 321
"c:\Users\4108231\Desktop\project_ie\my-vite-app\src\Page\Admin\Messages\Messages.jsx", "JavaScript JSX", 0, 0, 280, 0, 0, 0, 0, 11, 23, 314
"c:\Users\4108231\Desktop\project_ie\my-vite-app\src\Page\Admin\Messages\TabNavigation.jsx", "JavaScript JSX", 0, 0, 76, 0, 0, 0, 0, 1, 2, 79
"c:\Users\4108231\Desktop\project_ie\my-vite-app\src\Page\Auth\AuthContext.jsx", "JavaScript JSX", 0, 0, 195, 0, 0, 0, 0, 5, 27, 227
"c:\Users\4108231\Desktop\project_ie\my-vite-app\src\Page\Auth\Login.jsx", "JavaScript JSX", 0, 0, 202, 0, 0, 0, 0, 3, 22, 227
"c:\Users\4108231\Desktop\project_ie\my-vite-app\src\Page\Auth\Register.jsx", "JavaScript JSX", 0, 0, 206, 0, 0, 0, 0, 2, 24, 232
"c:\Users\4108231\Desktop\project_ie\my-vite-app\src\Page\Auth\tokenUtils.js", "JavaScript", 54, 0, 0, 0, 0, 0, 0, 1, 13, 68
"c:\Users\4108231\Desktop\project_ie\my-vite-app\src\Page\Css\Global.css", "PostCSS", 0, 0, 0, 1331, 0, 0, 0, 116, 273, 1720
"c:\Users\4108231\Desktop\project_ie\my-vite-app\src\Page\Gantt\GanttToolbar.jsx", "JavaScript JSX", 0, 0, 214, 0, 0, 0, 0, 2, 28, 244
"c:\Users\4108231\Desktop\project_ie\my-vite-app\src\Page\Gantt\GanttView.jsx", "JavaScript JSX", 0, 0, 211, 0, 0, 0, 0, 1, 28, 240
"c:\Users\4108231\Desktop\project_ie\my-vite-app\src\Page\Gantt\List.jsx", "JavaScript JSX", 0, 0, 234, 0, 0, 0, 0, 5, 13, 252
"c:\Users\4108231\Desktop\project_ie\my-vite-app\src\Page\Home\Announcements.jsx", "JavaScript JSX", 0, 0, 272, 0, 0, 0, 0, 6, 7, 285
"c:\Users\4108231\Desktop\project_ie\my-vite-app\src\Page\Home\CarouselHome.jsx", "JavaScript JSX", 0, 0, 181, 0, 0, 0, 0, 2, 15, 198
"c:\Users\4108231\Desktop\project_ie\my-vite-app\src\Page\Home\Contact.jsx", "JavaScript JSX", 0, 0, 363, 0, 0, 0, 0, 9, 23, 395
"c:\Users\4108231\Desktop\project_ie\my-vite-app\src\Page\Home\ContactModal.jsx", "JavaScript JSX", 0, 0, 67, 0, 0, 0, 0, 1, 3, 71
"c:\Users\4108231\Desktop\project_ie\my-vite-app\src\Page\Home\Home.jsx", "JavaScript JSX", 0, 0, 50, 0, 0, 0, 0, 1, 5, 56
"c:\Users\4108231\Desktop\project_ie\my-vite-app\src\Page\Home\Iedb.jsx", "JavaScript JSX", 0, 0, 135, 0, 0, 0, 0, 2, 16, 153
"c:\Users\4108231\Desktop\project_ie\my-vite-app\src\Page\Home\Introduction.jsx", "JavaScript JSX", 0, 0, 78, 0, 0, 0, 0, 2, 4, 84
"c:\Users\4108231\Desktop\project_ie\my-vite-app\src\Page\Home\News.jsx", "JavaScript JSX", 0, 0, 195, 0, 0, 0, 0, 1, 10, 206
"c:\Users\4108231\Desktop\project_ie\my-vite-app\src\Page\Home\Topic.jsx", "JavaScript JSX", 0, 0, 159, 0, 0, 0, 0, 18, 9, 186
"c:\Users\4108231\Desktop\project_ie\my-vite-app\src\Page\Home\Training.jsx", "JavaScript JSX", 0, 0, 97, 0, 0, 0, 0, 0, 6, 103
"c:\Users\4108231\Desktop\project_ie\my-vite-app\src\Page\Maintenance\Maintenance.jsx", "JavaScript JSX", 0, 0, 35, 0, 0, 0, 0, 2, 5, 42
"c:\Users\4108231\Desktop\project_ie\my-vite-app\src\Page\Maintenance\maintenance.json.json", "JSON", 0, 1, 0, 0, 0, 0, 0, 0, 0, 1
"c:\Users\4108231\Desktop\project_ie\my-vite-app\src\Page\Topics\GenericTopics.jsx", "JavaScript JSX", 0, 0, 177, 0, 0, 0, 0, 1, 12, 190
"c:\Users\4108231\Desktop\project_ie\my-vite-app\src\Page\Topics\TopicsSharedComponent\TopicsCarousel.jsx", "JavaScript JSX", 0, 0, 122, 0, 0, 0, 0, 5, 14, 141
"c:\Users\4108231\Desktop\project_ie\my-vite-app\src\Page\Topics\TopicsSharedComponent\TopicsLayout.jsx", "JavaScript JSX", 0, 0, 169, 0, 0, 0, 0, 5, 14, 188
"c:\Users\4108231\Desktop\project_ie\my-vite-app\src\Page\Training\TCCS\TCCS.jsx", "JavaScript JSX", 0, 0, 103, 0, 0, 0, 0, 12, 18, 133
"c:\Users\4108231\Desktop\project_ie\my-vite-app\src\Page\Training\TrainingSharedComponent\TrainingCarousel.jsx", "JavaScript JSX", 0, 0, 300, 0, 0, 0, 0, 18, 22, 340
"c:\Users\4108231\Desktop\project_ie\my-vite-app\src\Page\Training\TrainingSharedComponent\TrainingLayout.jsx", "JavaScript JSX", 0, 0, 310, 0, 0, 0, 0, 16, 19, 345
"c:\Users\4108231\Desktop\project_ie\my-vite-app\src\Page\Training\Webinar\Webinar.jsx", "JavaScript JSX", 0, 0, 103, 0, 0, 0, 0, 9, 15, 127
"c:\Users\4108231\Desktop\project_ie\my-vite-app\src\Page\Training\Workday\Workday.jsx", "JavaScript JSX", 0, 0, 100, 0, 0, 0, 0, 11, 17, 128
"c:\Users\4108231\Desktop\project_ie\my-vite-app\src\Page\Training\e-Jabilization\EJabilization.jsx", "JavaScript JSX", 0, 0, 100, 0, 0, 0, 0, 16, 19, 135
"c:\Users\4108231\Desktop\project_ie\my-vite-app\src\TopNavBar.jsx", "JavaScript JSX", 0, 0, 597, 0, 0, 0, 0, 10, 41, 648
"c:\Users\4108231\Desktop\project_ie\my-vite-app\src\assets\img\Infrastructure.json", "JSON", 0, 1, 0, 0, 0, 0, 0, 0, 0, 1
"c:\Users\4108231\Desktop\project_ie\my-vite-app\src\assets\img\Productivity.json", "JSON", 0, 1, 0, 0, 0, 0, 0, 0, 0, 1
"c:\Users\4108231\Desktop\project_ie\my-vite-app\src\assets\img\product.json", "JSON", 0, 1, 0, 0, 0, 0, 0, 0, 0, 1
"c:\Users\4108231\Desktop\project_ie\my-vite-app\src\assets\img\sitlaptop.json", "JSON", 0, 1, 0, 0, 0, 0, 0, 0, 0, 1
"c:\Users\4108231\Desktop\project_ie\my-vite-app\src\assets\jabil2.svg", "XML", 0, 0, 0, 0, 0, 28, 0, 1, 1, 30
"c:\Users\4108231\Desktop\project_ie\my-vite-app\src\assets\news_dark1.svg", "XML", 0, 0, 0, 0, 0, 18, 0, 0, 0, 18
"c:\Users\4108231\Desktop\project_ie\my-vite-app\src\assets\notification_dark1.svg", "XML", 0, 0, 0, 0, 0, 11, 0, 0, 0, 11
"c:\Users\4108231\Desktop\project_ie\my-vite-app\src\assets\react.svg", "XML", 0, 0, 0, 0, 0, 1, 0, 0, 0, 1
"c:\Users\4108231\Desktop\project_ie\my-vite-app\src\main.jsx", "JavaScript JSX", 0, 0, 27, 0, 0, 0, 0, 0, 5, 32
"c:\Users\4108231\Desktop\project_ie\my-vite-app\src\routes\AdminRoutes.jsx", "JavaScript JSX", 0, 0, 27, 0, 0, 0, 0, 6, 5, 38
"c:\Users\4108231\Desktop\project_ie\my-vite-app\src\routes\MainRoutes.jsx", "JavaScript JSX", 0, 0, 39, 0, 0, 0, 0, 11, 15, 65
"c:\Users\4108231\Desktop\project_ie\my-vite-app\src\routes\TopicsRoutes.jsx", "JavaScript JSX", 0, 0, 19, 0, 0, 0, 0, 5, 8, 32
"c:\Users\4108231\Desktop\project_ie\my-vite-app\src\routes\TrainingRoutes.jsx", "JavaScript JSX", 0, 0, 19, 0, 0, 0, 0, 3, 4, 26
"c:\Users\4108231\Desktop\project_ie\my-vite-app\src\services\api.js", "JavaScript", 102, 0, 0, 0, 0, 0, 0, 0, 18, 120
"c:\Users\4108231\Desktop\project_ie\my-vite-app\src\services\authAPI.js", "JavaScript", 43, 0, 0, 0, 0, 0, 0, 1, 9, 53
"c:\Users\4108231\Desktop\project_ie\my-vite-app\src\services\reportAPI.js", "JavaScript", 6, 0, 0, 0, 0, 0, 0, 0, 3, 9
"c:\Users\4108231\Desktop\project_ie\my-vite-app\src\themes\SunMoonSwitch.jsx", "JavaScript JSX", 0, 0, 27, 0, 0, 0, 0, 1, 7, 35
"c:\Users\4108231\Desktop\project_ie\my-vite-app\src\themes\ThemeContext.jsx", "JavaScript JSX", 0, 0, 26, 0, 0, 0, 0, 1, 8, 35
"c:\Users\4108231\Desktop\project_ie\my-vite-app\src\themes\themes.jsx", "JavaScript JSX", 0, 0, 29, 0, 0, 0, 0, 2, 3, 34
"c:\Users\4108231\Desktop\project_ie\my-vite-app\vite.config.js", "JavaScript", 34, 0, 0, 0, 0, 0, 0, 2, 1, 37
"c:\Users\4108231\Desktop\project_ie\package-lock.json", "JSON", 0, 1468, 0, 0, 0, 0, 0, 0, 1, 1469
"c:\Users\4108231\Desktop\project_ie\package.json", "JSON", 0, 12, 0, 0, 0, 0, 0, 0, 1, 13
"Total", "-", 827, 15747, 9561, 1476, 7, 87, 14, 588, 1289, 29596